@T,table
Created,2021-09-15 15:29
Author,HortonMachine library
@H,timestamp,value_1
ID,,1
Type,Date,Double
Format,yyyy-MM-dd HH:mm,
,2018-05-10 00:00,0.0
,2018-05-10 01:00,0.0
,2018-05-10 02:00,0.0
,2018-05-10 03:00,0.0
,2018-05-10 04:00,14.76886697849477
,2018-05-10 05:00,81.55272403495604
,2018-05-10 06:00,117.14886962024734
,2018-05-10 07:00,141.06129098439433
,2018-05-10 08:00,158.58625709607236
,2018-05-10 09:00,170.84914736464827
,2018-05-10 10:00,178.29639580034325
,2018-05-10 11:00,180.77728082261712
,2018-05-10 12:00,178.22257779248895
,2018-05-10 13:00,170.60097614556364
,2018-05-10 14:00,158.57268401958584
,2018-05-10 15:00,140.90811670735698
,2018-05-10 16:00,117.02815132760999
,2018-05-10 17:00,81.8455083152874
,2018-05-10 18:00,16.0428142454917
,2018-05-10 19:00,0.0
,2018-05-10 20:00,0.0
,2018-05-10 21:00,0.0
,2018-05-10 22:00,0.0
,2018-05-10 23:00,0.0
,2018-05-11 00:00,0.0
,2018-05-11 01:00,0.0
,2018-05-11 02:00,0.0
,2018-05-11 03:00,0.0
,2018-05-11 04:00,16.547662550105766
,2018-05-11 05:00,82.90687407918418
,2018-05-11 06:00,118.14383126814059
,2018-05-11 07:00,141.32095993884073
,2018-05-11 08:00,157.97564702876056
,2018-05-11 09:00,170.10926927827174
,2018-05-11 10:00,177.37481546197006
,2018-05-11 11:00,179.70270449218017
,2018-05-11 12:00,177.05541783346516
,2018-05-11 13:00,169.1892338386173
,2018-05-11 14:00,156.56410321254913
,2018-05-11 15:00,138.9258093176242
,2018-05-11 16:00,115.54309001323487
,2018-05-11 17:00,81.20720766735128
,2018-05-11 18:00,17.366389162435148
,2018-05-11 19:00,0.0
,2018-05-11 20:00,0.0
,2018-05-11 21:00,0.0
,2018-05-11 22:00,0.0
,2018-05-11 23:00,0.0
,2018-05-12 00:00,0.0
,2018-05-12 01:00,0.0
,2018-05-12 02:00,0.0
,2018-05-12 03:00,0.0
,2018-05-12 04:00,18.151750392003862
,2018-05-12 05:00,83.36443762661088
,2018-05-12 06:00,118.21495140403853
,2018-05-12 07:00,141.05863177647862
,2018-05-12 08:00,157.1979374285697
,2018-05-12 09:00,169.320180041659
,2018-05-12 10:00,176.3079695985312
,2018-05-12 11:00,178.70397204064997
,2018-05-12 12:00,176.30430957621252
,2018-05-12 13:00,168.2954454517646
,2018-05-12 14:00,156.1853974366901
,2018-05-12 15:00,138.88735869359996
,2018-05-12 16:00,115.85617563489436
,2018-05-12 17:00,81.72573513102192
,2018-05-12 18:00,18.86553571685515
,2018-05-12 19:00,0.0
,2018-05-12 20:00,0.0
,2018-05-12 21:00,0.0
,2018-05-12 22:00,0.0
,2018-05-12 23:00,0.0
,2018-05-13 00:00,0.0
,2018-05-13 01:00,0.0
,2018-05-13 02:00,0.0
,2018-05-13 03:00,0.0
,2018-05-13 04:00,19.69529110033764
,2018-05-13 05:00,83.97912581745472
,2018-05-13 06:00,118.6905128418031
,2018-05-13 07:00,142.42929459945066
,2018-05-13 08:00,160.14490260176657
,2018-05-13 09:00,172.54556559286343
,2018-05-13 10:00,179.8178308203419
,2018-05-13 11:00,182.33668109103962
,2018-05-13 12:00,179.39138111648958
,2018-05-13 13:00,171.87307507160187
,2018-05-13 14:00,159.6292155687829
,2018-05-13 15:00,142.2761549271329
,2018-05-13 16:00,118.82958145464748
,2018-05-13 17:00,84.5623775730174
,2018-05-13 18:00,20.992784145146548
,2018-05-13 19:00,0.0
,2018-05-13 20:00,0.0
,2018-05-13 21:00,0.0
,2018-05-13 22:00,0.0
,2018-05-13 23:00,0.0
,2018-05-14 00:00,0.0
,2018-05-14 01:00,0.0
,2018-05-14 02:00,0.0
,2018-05-14 03:00,0.0
,2018-05-14 04:00,21.508067020488255
,2018-05-14 05:00,85.27332501003937
,2018-05-14 06:00,119.80040293384945
,2018-05-14 07:00,143.29854175928116
,2018-05-14 08:00,160.0890046288199
,2018-05-14 09:00,171.68570043439365
,2018-05-14 10:00,179.33370224420105
,2018-05-14 11:00,181.66725164816793
,2018-05-14 12:00,178.52341025726207
,2018-05-14 13:00,170.87946342605346
,2018-05-14 14:00,158.4399720946958
,2018-05-14 15:00,141.0149504878449
,2018-05-14 16:00,117.99249614739296
,2018-05-14 17:00,84.44810783336895
,2018-05-14 18:00,22.32570928994614
,2018-05-14 19:00,0.0
,2018-05-14 20:00,0.0
,2018-05-14 21:00,0.0
,2018-05-14 22:00,0.0
,2018-05-14 23:00,0.0
,2018-05-15 00:00,0.0
,2018-05-15 01:00,0.0
,2018-05-15 02:00,0.0
,2018-05-15 03:00,0.0
,2018-05-15 04:00,23.009450250882523
,2018-05-15 05:00,85.75510677739253
,2018-05-15 06:00,119.81696573675391
,2018-05-15 07:00,143.19744658278694
,2018-05-15 08:00,160.58614497610228
,2018-05-15 09:00,172.8577530681148
,2018-05-15 10:00,179.75552081652083
,2018-05-15 11:00,181.54900943390533
,2018-05-15 12:00,179.95082358694353
,2018-05-15 13:00,172.22626296106034
,2018-05-15 14:00,159.5533743184332
,2018-05-15 15:00,141.84322642639896
,2018-05-15 16:00,118.71719764185788
,2018-05-15 17:00,85.58886062515957
,2018-05-15 18:00,24.051870928103853
,2018-05-15 19:00,0.0
,2018-05-15 20:00,0.0
,2018-05-15 21:00,0.0
,2018-05-15 22:00,0.0
,2018-05-15 23:00,0.0
,2018-05-16 00:00,0.0
,2018-05-16 01:00,0.0
,2018-05-16 02:00,0.0
,2018-05-16 03:00,0.0
,2018-05-16 04:00,24.545325797218208
,2018-05-16 05:00,86.43237276113929
,2018-05-16 06:00,120.14674387419046
,2018-05-16 07:00,143.4041069834124
,2018-05-16 08:00,160.2038752377522
,2018-05-16 09:00,172.5940127604444
,2018-05-16 10:00,179.98860679791983
,2018-05-16 11:00,182.5661219812965
,2018-05-16 12:00,180.1307207853215
,2018-05-16 13:00,172.53283681031593
,2018-05-16 14:00,159.85697322394904
,2018-05-16 15:00,142.6341422199055
,2018-05-16 16:00,119.12759142450395
,2018-05-16 17:00,86.18118555258192
,2018-05-16 18:00,25.505226756796016
,2018-05-16 19:00,0.0
,2018-05-16 20:00,0.0
,2018-05-16 21:00,0.0
,2018-05-16 22:00,0.0
,2018-05-16 23:00,0.0
,2018-05-17 00:00,0.0
,2018-05-17 01:00,0.0
,2018-05-17 02:00,0.0
,2018-05-17 03:00,0.0
,2018-05-17 04:00,26.072774012445983
,2018-05-17 05:00,87.44922579791303
,2018-05-17 06:00,120.79413365090956
,2018-05-17 07:00,143.43524857269603
,2018-05-17 08:00,159.7985820721978
,2018-05-17 09:00,171.82222516458424
,2018-05-17 10:00,178.46136848505435
,2018-05-17 11:00,180.5406558126899
,2018-05-17 12:00,177.14925623046167
,2018-05-17 13:00,169.5969782587546
,2018-05-17 14:00,157.4883211947277
,2018-05-17 15:00,140.50790926587675
,2018-05-17 16:00,117.98022868222414
,2018-05-17 17:00,85.63136654879547
,2018-05-17 18:00,26.6439275799138
,2018-05-17 19:00,0.0
,2018-05-17 20:00,0.0
,2018-05-17 21:00,0.0
,2018-05-17 22:00,0.0
,2018-05-17 23:00,0.0
,2018-05-18 00:00,0.0
,2018-05-18 01:00,0.0
,2018-05-18 02:00,0.0
,2018-05-18 03:00,0.0
,2018-05-18 04:00,27.34566556184402
,2018-05-18 05:00,87.64558088296916
,2018-05-18 06:00,120.71967764611496
,2018-05-18 07:00,142.98372441305096
,2018-05-18 08:00,160.05758292252733
,2018-05-18 09:00,171.74439540586516
,2018-05-18 10:00,178.06892660886098
,2018-05-18 11:00,179.99608957368483
,2018-05-18 12:00,177.8047935525707
,2018-05-18 13:00,170.24563916085185
,2018-05-18 14:00,157.8775851939344
,2018-05-18 15:00,140.61146218540776
,2018-05-18 16:00,117.66666326799941
,2018-05-18 17:00,85.63841475603775
,2018-05-18 18:00,27.89725099262329
,2018-05-18 19:00,0.0
,2018-05-18 20:00,0.0
,2018-05-18 21:00,0.0
,2018-05-18 22:00,0.0
,2018-05-18 23:00,0.0
,2018-05-19 00:00,0.0
,2018-05-19 01:00,0.0
,2018-05-19 02:00,0.0
,2018-05-19 03:00,0.0
,2018-05-19 04:00,28.63696909436926
,2018-05-19 05:00,88.09727434861661
,2018-05-19 06:00,120.90111883974605
,2018-05-19 07:00,142.9741669926815
,2018-05-19 08:00,159.23634491716487
,2018-05-19 09:00,170.9760505045381
,2018-05-19 10:00,178.02569078334722
,2018-05-19 11:00,180.27345864525435
,2018-05-19 12:00,177.75435757861993
,2018-05-19 13:00,170.1360802060437
,2018-05-19 14:00,158.0689719325224
,2018-05-19 15:00,141.6475347168042
,2018-05-19 16:00,119.07866702420938
,2018-05-19 17:00,87.1281349155192
,2018-05-19 18:00,29.433357912943173
,2018-05-19 19:00,0.0
,2018-05-19 20:00,0.0
,2018-05-19 21:00,0.0
,2018-05-19 22:00,0.0
,2018-05-19 23:00,0.0
,2018-05-20 00:00,0.0
,2018-05-20 01:00,0.0
,2018-05-20 02:00,0.0
,2018-05-20 03:00,0.0
,2018-05-20 04:00,30.014430254468902
,2018-05-20 05:00,88.89914098273469
,2018-05-20 06:00,121.50011758576133
,2018-05-20 07:00,143.47793771237252
,2018-05-20 08:00,160.06029247432602
,2018-05-20 09:00,171.65608325581667
,2018-05-20 10:00,178.35654595783078
,2018-05-20 11:00,180.43741433222652
,2018-05-20 12:00,177.89258397537068
,2018-05-20 13:00,170.5236139038177
,2018-05-20 14:00,158.4149078228562
,2018-05-20 15:00,142.05141823658263
,2018-05-20 16:00,119.8377392315781
,2018-05-20 17:00,87.51540796716087
,2018-05-20 18:00,30.797574499613134
,2018-05-20 19:00,0.0
,2018-05-20 20:00,0.0
,2018-05-20 21:00,0.0
,2018-05-20 22:00,0.0
,2018-05-20 23:00,0.0
,2018-05-21 00:00,0.0
,2018-05-21 01:00,0.0
,2018-05-21 02:00,0.0
,2018-05-21 03:00,0.0
,2018-05-21 04:00,31.10630298320965
,2018-05-21 05:00,88.97058300857454
,2018-05-21 06:00,121.22723516198856
,2018-05-21 07:00,143.4347297512352
,2018-05-21 08:00,159.9458051201552
,2018-05-21 09:00,171.11918814339336
,2018-05-21 10:00,177.94399668794148
,2018-05-21 11:00,180.66678822095102
,2018-05-21 12:00,178.21501042853657
,2018-05-21 13:00,171.1241904454557
,2018-05-21 14:00,158.89676770519603
,2018-05-21 15:00,141.22262884419573
,2018-05-21 16:00,118.8459526015148
,2018-05-21 17:00,87.6996235145325
,2018-05-21 18:00,31.982108181849668
,2018-05-21 19:00,0.0
,2018-05-21 20:00,0.0
,2018-05-21 21:00,0.0
,2018-05-21 22:00,0.0
,2018-05-21 23:00,0.0
,2018-05-22 00:00,0.0
,2018-05-22 01:00,0.0
,2018-05-22 02:00,0.0
,2018-05-22 03:00,0.0
,2018-05-22 04:00,32.177976298862866
,2018-05-22 05:00,89.4834739122163
,2018-05-22 06:00,121.41659400189266
,2018-05-22 07:00,143.180124362683
,2018-05-22 08:00,159.24413041981492
,2018-05-22 09:00,170.87747187120755
,2018-05-22 10:00,177.93165361338714
,2018-05-22 11:00,179.85615116333736
,2018-05-22 12:00,177.31343303060368
,2018-05-22 13:00,169.81515040832662
,2018-05-22 14:00,157.5069550046745
,2018-05-22 15:00,141.269450271567
,2018-05-22 16:00,121.2384045441959
,2018-05-22 17:00,89.64191743582866
,2018-05-22 18:00,33.745979995834155
,2018-05-22 19:00,0.0
,2018-05-22 20:00,0.0
,2018-05-22 21:00,0.0
,2018-05-22 22:00,0.0
,2018-05-22 23:00,0.0
,2018-05-23 00:00,0.0
,2018-05-23 01:00,0.0
,2018-05-23 02:00,0.0
,2018-05-23 03:00,0.0
,2018-05-23 04:00,33.17733261174077
,2018-05-23 05:00,89.49322735401901
,2018-05-23 06:00,121.27951191961768
,2018-05-23 07:00,143.72327742541137
,2018-05-23 08:00,160.50848580650282
,2018-05-23 09:00,172.46273092670663
,2018-05-23 10:00,179.5188652463246
,2018-05-23 11:00,181.70631064550577
,2018-05-23 12:00,178.95641495856626
,2018-05-23 13:00,171.68895305758198
,2018-05-23 14:00,160.32644812240005
,2018-05-23 15:00,143.60734384653736
,2018-05-23 16:00,121.26445537372291
,2018-05-23 17:00,89.63179757968213
,2018-05-23 18:00,34.86398542644718
,2018-05-23 19:00,0.0
,2018-05-23 20:00,0.0
,2018-05-23 21:00,0.0
,2018-05-23 22:00,0.0
,2018-05-23 23:00,0.0
,2018-05-24 00:00,0.0
,2018-05-24 01:00,0.0
,2018-05-24 02:00,0.0
,2018-05-24 03:00,0.0
,2018-05-24 04:00,34.35770548007529
,2018-05-24 05:00,90.3165122602595
,2018-05-24 06:00,121.91524624726675
,2018-05-24 07:00,143.73666984780428
,2018-05-24 08:00,159.60439165888891
,2018-05-24 09:00,171.35205749042683
,2018-05-24 10:00,178.31837307374664
,2018-05-24 11:00,180.65257114801608
,2018-05-24 12:00,178.06264288839165
,2018-05-24 13:00,170.4822690537689
,2018-05-24 14:00,158.46025479020122
,2018-05-24 15:00,141.77578385997774
,2018-05-24 16:00,119.77590634480242
,2018-05-24 17:00,89.0536526147133
,2018-05-24 18:00,35.593937199485715
,2018-05-24 19:00,0.0
,2018-05-24 20:00,0.0
,2018-05-24 21:00,0.0
,2018-05-24 22:00,0.0
,2018-05-24 23:00,0.0
,2018-05-25 00:00,0.0
,2018-05-25 01:00,0.0
,2018-05-25 02:00,0.0
,2018-05-25 03:00,0.0
,2018-05-25 04:00,35.34361025676223
,2018-05-25 05:00,90.68141167962789
,2018-05-25 06:00,121.82899743605263
,2018-05-25 07:00,143.10588314828013
,2018-05-25 08:00,159.09842958373073
,2018-05-25 09:00,170.69597337106273
,2018-05-25 10:00,177.73813134827645
,2018-05-25 11:00,179.9750401524456
,2018-05-25 12:00,177.57739919048382
,2018-05-25 13:00,170.17078506891875
,2018-05-25 14:00,157.81632722300108
,2018-05-25 15:00,141.1709236300126
,2018-05-25 16:00,119.4102145671349
,2018-05-25 17:00,89.44622680091368
,2018-05-25 18:00,36.79344317560012
,2018-05-25 19:00,0.0
,2018-05-25 20:00,0.0
,2018-05-25 21:00,0.0
,2018-05-25 22:00,0.0
,2018-05-25 23:00,0.0
,2018-05-26 00:00,0.0
,2018-05-26 01:00,0.0
,2018-05-26 02:00,0.0
,2018-05-26 03:00,0.0
,2018-05-26 04:00,36.15222344130093
,2018-05-26 05:00,90.84870967083233
,2018-05-26 06:00,121.75811962119361
,2018-05-26 07:00,143.20713874466014
,2018-05-26 08:00,159.08054370818564
,2018-05-26 09:00,172.14749492180414
,2018-05-26 10:00,179.0551520548836
,2018-05-26 11:00,180.1168548536133
,2018-05-26 12:00,177.8147283958559
,2018-05-26 13:00,170.55154969542812
,2018-05-26 14:00,158.30197709012756
,2018-05-26 15:00,142.42412579527567
,2018-05-26 16:00,120.6533110698837
,2018-05-26 17:00,90.30349303983778
,2018-05-26 18:00,37.76170009444908
,2018-05-26 19:00,0.0
,2018-05-26 20:00,0.0
,2018-05-26 21:00,0.0
,2018-05-26 22:00,0.0
,2018-05-26 23:00,0.0
,2018-05-27 00:00,0.0
,2018-05-27 01:00,0.0
,2018-05-27 02:00,0.0
,2018-05-27 03:00,0.0
,2018-05-27 04:00,36.85755879666247
,2018-05-27 05:00,90.85311425549365
,2018-05-27 06:00,121.93097047443742
,2018-05-27 07:00,144.22382406930814
,2018-05-27 08:00,160.49662987573876
,2018-05-27 09:00,171.44214742867237
,2018-05-27 10:00,177.80983735617244
,2018-05-27 11:00,180.04988442425764
,2018-05-27 12:00,178.2645440297619
,2018-05-27 13:00,170.42888212813526
,2018-05-27 14:00,158.0282441743667
,2018-05-27 15:00,141.14543764117204
,2018-05-27 16:00,119.78393027381527
,2018-05-27 17:00,90.1041898676978
,2018-05-27 18:00,38.88762450951354
,2018-05-27 19:00,0.0
,2018-05-27 20:00,0.0
,2018-05-27 21:00,0.0
,2018-05-27 22:00,0.0
,2018-05-27 23:00,0.0
,2018-05-28 00:00,0.0
,2018-05-28 01:00,0.0
,2018-05-28 02:00,0.0
,2018-05-28 03:00,0.0
,2018-05-28 04:00,37.86702941995661
,2018-05-28 05:00,91.51425890905061
,2018-05-28 06:00,122.40577611164947
,2018-05-28 07:00,144.41617492609117
,2018-05-28 08:00,160.73993049038228
,2018-05-28 09:00,172.5084228743988
,2018-05-28 10:00,178.86143028813495
,2018-05-28 11:00,181.21661021002438
,2018-05-28 12:00,178.6070845048733
,2018-05-28 13:00,170.79122640149626
,2018-05-28 14:00,159.2812171017959
,2018-05-28 15:00,142.4551004612278
,2018-05-28 16:00,121.14886484796395
,2018-05-28 17:00,91.62649788026577
,2018-05-28 18:00,40.223061983846684
,2018-05-28 19:00,0.0
,2018-05-28 20:00,0.0
,2018-05-28 21:00,0.0
,2018-05-28 22:00,0.0
,2018-05-28 23:00,0.0
,2018-05-29 00:00,0.0
,2018-05-29 01:00,0.0
,2018-05-29 02:00,0.0
,2018-05-29 03:00,0.0
,2018-05-29 04:00,38.59041850559593
,2018-05-29 05:00,91.73402038795834
,2018-05-29 06:00,122.60478464526574
,2018-05-29 07:00,144.58858285788702
,2018-05-29 08:00,161.07156677880943
,2018-05-29 09:00,172.24685090091702
,2018-05-29 10:00,178.38749231179813
,2018-05-29 11:00,180.8991410409529
,2018-05-29 12:00,178.5475503388197
,2018-05-29 13:00,171.2091852578972
,2018-05-29 14:00,159.27358009992463
,2018-05-29 15:00,142.69401676528148
,2018-05-29 16:00,121.06974277569442
,2018-05-29 17:00,91.62187331156542
,2018-05-29 18:00,41.024041279917164
,2018-05-29 19:00,0.0
,2018-05-29 20:00,0.0
,2018-05-29 21:00,0.0
,2018-05-29 22:00,0.0
,2018-05-29 23:00,0.0
,2018-05-30 00:00,0.0
,2018-05-30 01:00,0.0
,2018-05-30 02:00,0.0
,2018-05-30 03:00,0.0
,2018-05-30 04:00,39.449622094923164
,2018-05-30 05:00,92.36606552458224
,2018-05-30 06:00,123.00666282956365
,2018-05-30 07:00,144.55946049679582
,2018-05-30 08:00,160.3360564350403
,2018-05-30 09:00,171.6320528457601
,2018-05-30 10:00,178.25807624825126
,2018-05-30 11:00,180.69290919093353
,2018-05-30 12:00,178.26839367133104
,2018-05-30 13:00,171.38455055646423
,2018-05-30 14:00,159.24905293810406
,2018-05-30 15:00,143.8154945706021
,2018-05-30 16:00,121.20005568922136
,2018-05-30 17:00,91.71635603361403
,2018-05-30 18:00,42.1974765345064
,2018-05-30 19:00,0.0
,2018-05-30 20:00,0.0
,2018-05-30 21:00,0.0
,2018-05-30 22:00,0.0
,2018-05-30 23:00,0.0
,2018-05-31 00:00,0.0
,2018-05-31 01:00,0.0
,2018-05-31 02:00,0.0
,2018-05-31 03:00,0.0
,2018-05-31 04:00,40.14981703850126
,2018-05-31 05:00,92.71800517725164
,2018-05-31 06:00,123.08063922875795
,2018-05-31 07:00,144.67422596305718
,2018-05-31 08:00,161.03498731834424
,2018-05-31 09:00,171.92539017205203
,2018-05-31 10:00,178.70829558589386
,2018-05-31 11:00,180.72154282081326
,2018-05-31 12:00,178.1654418109404
,2018-05-31 13:00,171.21302774802874
,2018-05-31 14:00,161.04493347569766
,2018-05-31 15:00,144.61949552751855
,2018-05-31 16:00,123.38570350437287
,2018-05-31 17:00,93.86085026535521
,2018-05-31 18:00,43.53043797258136
,2018-05-31 19:00,0.0
,2018-05-31 20:00,0.0
,2018-05-31 21:00,0.0
,2018-05-31 22:00,0.0
,2018-05-31 23:00,0.0
,2018-06-01 00:00,0.0
,2018-06-01 01:00,0.0
,2018-06-01 02:00,0.0
,2018-06-01 03:00,0.0
,2018-06-01 04:00,40.81891505732889
,2018-06-01 05:00,93.30671499749731
,2018-06-01 06:00,123.83329448407028
,2018-06-01 07:00,145.2606307169918
,2018-06-01 08:00,161.34253478167136
,2018-06-01 09:00,172.37686937658847
,2018-06-01 10:00,179.34239013497677
,2018-06-01 11:00,181.64636236674315
,2018-06-01 12:00,179.1041839593652
,2018-06-01 13:00,171.5552674104241
,2018-06-01 14:00,159.83436982312978
,2018-06-01 15:00,143.51080799279188
,2018-06-01 16:00,122.11475153180542
,2018-06-01 17:00,92.73174756580553
,2018-06-01 18:00,43.92048354550485
,2018-06-01 19:00,0.0
,2018-06-01 20:00,0.0
,2018-06-01 21:00,0.0
,2018-06-01 22:00,0.0
,2018-06-01 23:00,0.0
,2018-06-02 00:00,0.0
,2018-06-02 01:00,0.0
,2018-06-02 02:00,0.0
,2018-06-02 03:00,0.0
,2018-06-02 04:00,41.52221951324927
,2018-06-02 05:00,93.61156947440502
,2018-06-02 06:00,123.93122807794971
,2018-06-02 07:00,144.6402595093877
,2018-06-02 08:00,160.5769893181215
,2018-06-02 09:00,172.08268117084262
,2018-06-02 10:00,179.00601878093138
,2018-06-02 11:00,181.27836619346343
,2018-06-02 12:00,178.87619155635034
,2018-06-02 13:00,171.39515495613546
,2018-06-02 14:00,159.4951814676027
,2018-06-02 15:00,143.21211047266314
,2018-06-02 16:00,122.15365034514151
,2018-06-02 17:00,93.09356299960301
,2018-06-02 18:00,44.85228133173538
,2018-06-02 19:00,0.0
,2018-06-02 20:00,0.0
,2018-06-02 21:00,0.0
,2018-06-02 22:00,0.0
,2018-06-02 23:00,0.0
,2018-06-03 00:00,0.0
,2018-06-03 01:00,0.0
,2018-06-03 02:00,0.0
,2018-06-03 03:00,0.0
,2018-06-03 04:00,41.77660968657171
,2018-06-03 05:00,93.18297590632245
,2018-06-03 06:00,123.4040137024104
,2018-06-03 07:00,144.63112853647897
,2018-06-03 08:00,160.9868949721667
,2018-06-03 09:00,172.2069426949581
,2018-06-03 10:00,178.34709130029765
,2018-06-03 11:00,180.8332513490581
,2018-06-03 12:00,178.53777123704597
,2018-06-03 13:00,171.37612777610133
,2018-06-03 14:00,159.55156570648225
,2018-06-03 15:00,143.21589098194343
,2018-06-03 16:00,122.48483026241118
,2018-06-03 17:00,93.91172513782104
,2018-06-03 18:00,45.89805342537802
,2018-06-03 19:00,0.0
,2018-06-03 20:00,0.0
,2018-06-03 21:00,0.0
,2018-06-03 22:00,0.0
,2018-06-03 23:00,0.0
,2018-06-04 00:00,0.0
,2018-06-04 01:00,0.0
,2018-06-04 02:00,0.0
,2018-06-04 03:00,0.0
,2018-06-04 04:00,42.32470817331907
,2018-06-04 05:00,93.54766573037006
,2018-06-04 06:00,123.65168477893221
,2018-06-04 07:00,145.13500001898674
,2018-06-04 08:00,161.41131712888523
,2018-06-04 09:00,172.33814030598646
,2018-06-04 10:00,179.83540987089984
,2018-06-04 11:00,181.80021870596863
,2018-06-04 12:00,179.46555208321064
,2018-06-04 13:00,172.32609640821363
,2018-06-04 14:00,160.33887729631977
,2018-06-04 15:00,144.29878043251585
,2018-06-04 16:00,123.14951657985057
,2018-06-04 17:00,94.97261745167609
,2018-06-04 18:00,47.203033402167
,2018-06-04 19:00,0.0
,2018-06-04 20:00,0.0
,2018-06-04 21:00,0.0
,2018-06-04 22:00,0.0
,2018-06-04 23:00,0.0
,2018-06-05 00:00,0.0
,2018-06-05 01:00,0.0
,2018-06-05 02:00,0.0
,2018-06-05 03:00,0.0
,2018-06-05 04:00,42.7737925935269
,2018-06-05 05:00,93.64070159787879
,2018-06-05 06:00,123.76430653114922
,2018-06-05 07:00,145.28758292841542
,2018-06-05 08:00,161.4997324756196
,2018-06-05 09:00,172.62433012549457
,2018-06-05 10:00,179.34621108611665
,2018-06-05 11:00,181.58945960502786
,2018-06-05 12:00,179.158484996158
,2018-06-05 13:00,171.86408580973853
,2018-06-05 14:00,160.07121178474696
,2018-06-05 15:00,144.10173445896223
,2018-06-05 16:00,123.01987438421024
,2018-06-05 17:00,94.21776037131127
,2018-06-05 18:00,47.201468110918896
,2018-06-05 19:00,0.0
,2018-06-05 20:00,0.0
,2018-06-05 21:00,0.0
,2018-06-05 22:00,0.0
,2018-06-05 23:00,0.0
,2018-06-06 00:00,0.0
,2018-06-06 01:00,0.0
,2018-06-06 02:00,0.0
,2018-06-06 03:00,0.0
,2018-06-06 04:00,43.17176018954645
,2018-06-06 05:00,93.89237982924517
,2018-06-06 06:00,124.06154752109106
,2018-06-06 07:00,145.48907188578352
,2018-06-06 08:00,160.9152904177332
,2018-06-06 09:00,172.47847345859117
,2018-06-06 10:00,179.55834851574707
,2018-06-06 11:00,181.752373361752
,2018-06-06 12:00,179.41820616272034
,2018-06-06 13:00,172.27088849258115
,2018-06-06 14:00,160.56857012002882
,2018-06-06 15:00,144.77957110295895
,2018-06-06 16:00,124.29497401525047
,2018-06-06 17:00,96.04090862853843
,2018-06-06 18:00,48.602568239180954
,2018-06-06 19:00,0.0
,2018-06-06 20:00,0.0
,2018-06-06 21:00,0.0
,2018-06-06 22:00,0.0
,2018-06-06 23:00,0.0
,2018-06-07 00:00,0.0
,2018-06-07 01:00,0.0
,2018-06-07 02:00,0.0
,2018-06-07 03:00,0.0
,2018-06-07 04:00,43.46753142945826
,2018-06-07 05:00,93.9108274448787
,2018-06-07 06:00,123.95297817847889
,2018-06-07 07:00,145.65273375800456
,2018-06-07 08:00,161.95251859755595
,2018-06-07 09:00,173.07127896412837
,2018-06-07 10:00,179.6329752752194
,2018-06-07 11:00,181.6872249680909
,2018-06-07 12:00,179.37558144096306
,2018-06-07 13:00,172.200811600382
,2018-06-07 14:00,160.8229257032971
,2018-06-07 15:00,145.15934602662222
,2018-06-07 16:00,124.21411379729261
,2018-06-07 17:00,95.37880171681441
,2018-06-07 18:00,48.87038836024792
,2018-06-07 19:00,0.0
,2018-06-07 20:00,0.0
,2018-06-07 21:00,0.0
,2018-06-07 22:00,0.0
,2018-06-07 23:00,0.0
,2018-06-08 00:00,0.0
,2018-06-08 01:00,0.0
,2018-06-08 02:00,0.0
,2018-06-08 03:00,0.0
,2018-06-08 04:00,43.7105805040735
,2018-06-08 05:00,94.06613595833544
,2018-06-08 06:00,123.80115496777823
,2018-06-08 07:00,145.09531239980447
,2018-06-08 08:00,160.9269161023152
,2018-06-08 09:00,172.4962325289534
,2018-06-08 10:00,179.5912503573099
,2018-06-08 11:00,182.0488197451664
,2018-06-08 12:00,179.39838812187543
,2018-06-08 13:00,172.07846127816856
,2018-06-08 14:00,160.9436617314788
,2018-06-08 15:00,145.55418445097143
,2018-06-08 16:00,126.13893681298421
,2018-06-08 17:00,97.22187308121455
,2018-06-08 18:00,50.05283897800349
,2018-06-08 19:00,0.0
,2018-06-08 20:00,0.0
,2018-06-08 21:00,0.0
,2018-06-08 22:00,0.0
,2018-06-08 23:00,0.0
,2018-06-09 00:00,0.0
,2018-06-09 01:00,0.0
,2018-06-09 02:00,0.0
,2018-06-09 03:00,0.0
,2018-06-09 04:00,44.065274106024596
,2018-06-09 05:00,94.17018496392666
,2018-06-09 06:00,124.02923852028454
,2018-06-09 07:00,145.3999940387764
,2018-06-09 08:00,161.19926422515593
,2018-06-09 09:00,172.5421285022602
,2018-06-09 10:00,179.23351775251675
,2018-06-09 11:00,181.71514893036678
,2018-06-09 12:00,179.30229232517306
,2018-06-09 13:00,171.9094591089028
,2018-06-09 14:00,160.2454459593378
,2018-06-09 15:00,144.46250317974892
,2018-06-09 16:00,123.77792261393874
,2018-06-09 17:00,95.40911554084492
,2018-06-09 18:00,50.0080152519657
,2018-06-09 19:00,0.0
,2018-06-09 20:00,0.0
,2018-06-09 21:00,0.0
,2018-06-09 22:00,0.0
,2018-06-09 23:00,0.0
,2018-06-10 00:00,0.0
,2018-06-10 01:00,0.0
,2018-06-10 02:00,0.0
,2018-06-10 03:00,0.0
,2018-06-10 04:00,44.29709250144934
,2018-06-10 05:00,94.32874788624011
,2018-06-10 06:00,123.96334021452763
,2018-06-10 07:00,144.39474857234515
,2018-06-10 08:00,160.15402927951376
,2018-06-10 09:00,171.80555444996398
,2018-06-10 10:00,179.0011280021221
,2018-06-10 11:00,181.3242757503157
,2018-06-10 12:00,179.14120857232967
,2018-06-10 13:00,172.0682957621548
,2018-06-10 14:00,160.44249738929128
,2018-06-10 15:00,144.63736273741813
,2018-06-10 16:00,123.90759595206987
,2018-06-10 17:00,95.6324493286373
,2018-06-10 18:00,50.14795163801792
,2018-06-10 19:00,0.0
,2018-06-10 20:00,0.0
,2018-06-10 21:00,0.0
,2018-06-10 22:00,0.0
,2018-06-10 23:00,0.0
,2018-06-11 00:00,0.0
,2018-06-11 01:00,0.0
,2018-06-11 02:00,0.0
,2018-06-11 03:00,0.0
,2018-06-11 04:00,44.211456387018565
,2018-06-11 05:00,93.90882661428188
,2018-06-11 06:00,123.68812473756907
,2018-06-11 07:00,145.22012608767363
,2018-06-11 08:00,161.3444438947192
,2018-06-11 09:00,172.93177403838746
,2018-06-11 10:00,181.13635252402983
,2018-06-11 11:00,184.08526960164912
,2018-06-11 12:00,182.02198870745286
,2018-06-11 13:00,174.0728507309415
,2018-06-11 14:00,161.77731971161538
,2018-06-11 15:00,145.487997100984
,2018-06-11 16:00,124.8355192715798
,2018-06-11 17:00,96.8159951931266
,2018-06-11 18:00,51.4436335166374
,2018-06-11 19:00,0.0
,2018-06-11 20:00,0.0
,2018-06-11 21:00,0.0
,2018-06-11 22:00,0.0
,2018-06-11 23:00,0.0
,2018-06-12 00:00,0.0
,2018-06-12 01:00,0.0
,2018-06-12 02:00,0.0
,2018-06-12 03:00,0.0
,2018-06-12 04:00,44.54176891636346
,2018-06-12 05:00,94.30630219961462
,2018-06-12 06:00,124.15842830569086
,2018-06-12 07:00,145.59260585110948
,2018-06-12 08:00,161.86057211527478
,2018-06-12 09:00,173.317153766064
,2018-06-12 10:00,180.17855623295793
,2018-06-12 11:00,182.2269512032824
,2018-06-12 12:00,180.5273281619749
,2018-06-12 13:00,173.30669885777755
,2018-06-12 14:00,161.70819216591795
,2018-06-12 15:00,146.88753139538227
,2018-06-12 16:00,125.85478411574525
,2018-06-12 17:00,97.66739566901899
,2018-06-12 18:00,52.48859447301991
,2018-06-12 19:00,0.0
,2018-06-12 20:00,0.0
,2018-06-12 21:00,0.0
,2018-06-12 22:00,0.0
,2018-06-12 23:00,0.0
,2018-06-13 00:00,0.0
,2018-06-13 01:00,0.0
,2018-06-13 02:00,0.0
,2018-06-13 03:00,0.0
,2018-06-13 04:00,44.80842625971849
,2018-06-13 05:00,94.61742469815515
,2018-06-13 06:00,124.58792208833827
,2018-06-13 07:00,146.34270462636795
,2018-06-13 08:00,162.72967388106827
,2018-06-13 09:00,174.44900934992825
,2018-06-13 10:00,181.72075999110044
,2018-06-13 11:00,184.2708579057374
,2018-06-13 12:00,182.13905515610284
,2018-06-13 13:00,175.29943644564375
,2018-06-13 14:00,163.97906867879894
,2018-06-13 15:00,148.28295271428146
,2018-06-13 16:00,127.38159772486472
,2018-06-13 17:00,98.86879144067396
,2018-06-13 18:00,53.07701904459634
,2018-06-13 19:00,0.0
,2018-06-13 20:00,0.0
,2018-06-13 21:00,0.0
,2018-06-13 22:00,0.0
,2018-06-13 23:00,0.0
,2018-06-14 00:00,0.0
,2018-06-14 01:00,0.0
,2018-06-14 02:00,0.0
,2018-06-14 03:00,0.0
,2018-06-14 04:00,45.253196842874104
,2018-06-14 05:00,95.34577111214709
,2018-06-14 06:00,125.04362237356379
,2018-06-14 07:00,146.37183111323304
,2018-06-14 08:00,162.10679592638337
,2018-06-14 09:00,173.41896118761963
,2018-06-14 10:00,180.88152395881718
,2018-06-14 11:00,183.11007808052233
,2018-06-14 12:00,180.97353438640246
,2018-06-14 13:00,173.7213146207885
,2018-06-14 14:00,162.18691800714237
,2018-06-14 15:00,146.16732319353306
,2018-06-14 16:00,125.51091683240995
,2018-06-14 17:00,97.27794254555859
,2018-06-14 18:00,52.746536784833474
,2018-06-14 19:00,0.0
,2018-06-14 20:00,0.0
,2018-06-14 21:00,0.0
,2018-06-14 22:00,0.0
,2018-06-14 23:00,0.0
,2018-06-15 00:00,0.0
,2018-06-15 01:00,0.0
,2018-06-15 02:00,0.0
,2018-06-15 03:00,0.0
,2018-06-15 04:00,44.907336086242616
,2018-06-15 05:00,94.693483159522
,2018-06-15 06:00,124.46342157881914
,2018-06-15 07:00,145.94802512841645
,2018-06-15 08:00,162.04002552891274
,2018-06-15 09:00,172.9120412370257
,2018-06-15 10:00,180.06470808852367
,2018-06-15 11:00,182.20573682429438
,2018-06-15 12:00,179.72582123890203
,2018-06-15 13:00,172.62607822935374
,2018-06-15 14:00,161.19995366479873
,2018-06-15 15:00,145.7153798994459
,2018-06-15 16:00,125.04417578026785
,2018-06-15 17:00,97.02446941520373
,2018-06-15 18:00,52.85829308948389
,2018-06-15 19:00,0.0
,2018-06-15 20:00,0.0
,2018-06-15 21:00,0.0
,2018-06-15 22:00,0.0
,2018-06-15 23:00,0.0
,2018-06-16 00:00,0.0
,2018-06-16 01:00,0.0
,2018-06-16 02:00,0.0
,2018-06-16 03:00,0.0
,2018-06-16 04:00,44.865520147040385
,2018-06-16 05:00,94.76596201231902
,2018-06-16 06:00,124.42407349504896
,2018-06-16 07:00,144.99617383662684
,2018-06-16 08:00,160.8838032504791
,2018-06-16 09:00,172.45551242623495
,2018-06-16 10:00,179.54261588203286
,2018-06-16 11:00,182.04146341251632
,2018-06-16 12:00,179.71044544083512
,2018-06-16 13:00,172.47360082279758
,2018-06-16 14:00,161.10311658506834
,2018-06-16 15:00,145.40160221495145
,2018-06-16 16:00,124.84476499282357
,2018-06-16 17:00,97.4227005602554
,2018-06-16 18:00,53.190859730336776
,2018-06-16 19:00,0.0
,2018-06-16 20:00,0.0
,2018-06-16 21:00,0.0
,2018-06-16 22:00,0.0
,2018-06-16 23:00,0.0
,2018-06-17 00:00,0.0
,2018-06-17 01:00,0.0
,2018-06-17 02:00,0.0
,2018-06-17 03:00,0.0
,2018-06-17 04:00,44.354472552503566
,2018-06-17 05:00,93.7064494872315
,2018-06-17 06:00,123.41076088938568
,2018-06-17 07:00,144.78172069784253
,2018-06-17 08:00,160.29954781125386
,2018-06-17 09:00,171.96251798986626
,2018-06-17 10:00,179.03591784745333
,2018-06-17 11:00,181.44694185513944
,2018-06-17 12:00,179.3671832582241
,2018-06-17 13:00,172.35262408690787
,2018-06-17 14:00,161.48469813672938
,2018-06-17 15:00,145.85264349027622
,2018-06-17 16:00,125.72481944230385
,2018-06-17 17:00,98.35909927638428
,2018-06-17 18:00,54.02458795309208
,2018-06-17 19:00,0.0
,2018-06-17 20:00,0.0
,2018-06-17 21:00,0.0
,2018-06-17 22:00,0.0
,2018-06-17 23:00,0.0
,2018-06-18 00:00,0.0
,2018-06-18 01:00,0.0
,2018-06-18 02:00,0.0
,2018-06-18 03:00,0.0
,2018-06-18 04:00,44.39773901345247
,2018-06-18 05:00,93.94711114675795
,2018-06-18 06:00,123.8138104016549
,2018-06-18 07:00,144.70827195583595
,2018-06-18 08:00,160.629474987385
,2018-06-18 09:00,172.53127680225396
,2018-06-18 10:00,179.14210718554875
,2018-06-18 11:00,181.5281020649654
,2018-06-18 12:00,179.2316281037101
,2018-06-18 13:00,172.48228265442006
,2018-06-18 14:00,161.07760647378936
,2018-06-18 15:00,145.38905709118166
,2018-06-18 16:00,124.98100493953991
,2018-06-18 17:00,97.34044995912724
,2018-06-18 18:00,53.707127594543536
,2018-06-18 19:00,0.0
,2018-06-18 20:00,0.0
,2018-06-18 21:00,0.0
,2018-06-18 22:00,0.0
,2018-06-18 23:00,0.0
,2018-06-19 00:00,0.0
,2018-06-19 01:00,0.0
,2018-06-19 02:00,0.0
,2018-06-19 03:00,0.0
,2018-06-19 04:00,44.42168772849487
,2018-06-19 05:00,94.17594332004406
,2018-06-19 06:00,123.80700605822905
,2018-06-19 07:00,144.45034738043626
,2018-06-19 08:00,160.17601300874722
,2018-06-19 09:00,171.56333748425757
,2018-06-19 10:00,178.51675139656325
,2018-06-19 11:00,180.90500891342288
,2018-06-19 12:00,178.82113303121713
,2018-06-19 13:00,171.73657138064826
,2018-06-19 14:00,160.3741220829705
,2018-06-19 15:00,144.83768515470425
,2018-06-19 16:00,124.43899726983264
,2018-06-19 17:00,97.03980664922692
,2018-06-19 18:00,53.68817430606882
,2018-06-19 19:00,0.0
,2018-06-19 20:00,0.0
,2018-06-19 21:00,0.0
,2018-06-19 22:00,0.0
,2018-06-19 23:00,0.0
,2018-06-20 00:00,0.0
,2018-06-20 01:00,0.0
,2018-06-20 02:00,0.0
,2018-06-20 03:00,0.0
,2018-06-20 04:00,44.09066951165035
,2018-06-20 05:00,93.81810641329893
,2018-06-20 06:00,123.41809190485556
,2018-06-20 07:00,143.93502032511012
,2018-06-20 08:00,159.62916602687585
,2018-06-20 09:00,171.23868800653668
,2018-06-20 10:00,178.41005465161967
,2018-06-20 11:00,180.99172743432615
,2018-06-20 12:00,179.01605219515898
,2018-06-20 13:00,172.01671608314572
,2018-06-20 14:00,160.5220256434137
,2018-06-20 15:00,144.87428869574595
,2018-06-20 16:00,124.4941855666545
,2018-06-20 17:00,97.06324973581734
,2018-06-20 18:00,53.988569330867584
,2018-06-20 19:00,0.0
,2018-06-20 20:00,0.0
,2018-06-20 21:00,0.0
,2018-06-20 22:00,0.0
,2018-06-20 23:00,0.0
,2018-06-21 00:00,0.0
,2018-06-21 01:00,0.0
,2018-06-21 02:00,0.0
,2018-06-21 03:00,0.0
,2018-06-21 04:00,43.7385533938874
,2018-06-21 05:00,93.47014223274599
,2018-06-21 06:00,122.88271847357515
,2018-06-21 07:00,143.48300584908844
,2018-06-21 08:00,159.2720815287781
,2018-06-21 09:00,170.73721051006214
,2018-06-21 10:00,177.7285799233066
,2018-06-21 11:00,180.01974508765795
,2018-06-21 12:00,178.05271423046125
,2018-06-21 13:00,171.0703802885172
,2018-06-21 14:00,159.9429999658844
,2018-06-21 15:00,144.391619104647
,2018-06-21 16:00,124.47303587949003
,2018-06-21 17:00,97.50556619917947
,2018-06-21 18:00,54.3968064629124
,2018-06-21 19:00,0.0
,2018-06-21 20:00,0.0
,2018-06-21 21:00,0.0
,2018-06-21 22:00,0.0
,2018-06-21 23:00,0.0
,2018-06-22 00:00,0.0
,2018-06-22 01:00,0.0
,2018-06-22 02:00,0.0
,2018-06-22 03:00,0.0
,2018-06-22 04:00,43.74610243616402
,2018-06-22 05:00,93.99040552809134
,2018-06-22 06:00,124.08750574002795
,2018-06-22 07:00,145.25221916677182
,2018-06-22 08:00,161.40607639537757
,2018-06-22 09:00,172.88193870604636
,2018-06-22 10:00,179.93196000013168
,2018-06-22 11:00,182.4782174180639
,2018-06-22 12:00,180.4830427786457
,2018-06-22 13:00,173.51659402266188
,2018-06-22 14:00,162.2754663555012
,2018-06-22 15:00,146.66522508049857
,2018-06-22 16:00,126.20152883739537
,2018-06-22 17:00,98.72510213865073
,2018-06-22 18:00,55.15416343783891
,2018-06-22 19:00,0.0
,2018-06-22 20:00,0.0
,2018-06-22 21:00,0.0
,2018-06-22 22:00,0.0
,2018-06-22 23:00,0.0
,2018-06-23 00:00,0.0
,2018-06-23 01:00,0.0
,2018-06-23 02:00,0.0
,2018-06-23 03:00,0.0
,2018-06-23 04:00,43.87856852994077
,2018-06-23 05:00,94.46716812975784
,2018-06-23 06:00,124.589843402628
,2018-06-23 07:00,145.44885862081986
,2018-06-23 08:00,161.35470351363244
,2018-06-23 09:00,172.77599431902024
,2018-06-23 10:00,179.63946429213178
,2018-06-23 11:00,182.17729372476091
,2018-06-23 12:00,180.10281884998204
,2018-06-23 13:00,173.07114228581318
,2018-06-23 14:00,161.78362079030043
,2018-06-23 15:00,146.10001312774588
,2018-06-23 16:00,125.72021117855284
,2018-06-23 17:00,98.36710588762398
,2018-06-23 18:00,55.09974645900933
,2018-06-23 19:00,0.0
,2018-06-23 20:00,0.0
,2018-06-23 21:00,0.0
,2018-06-23 22:00,0.0
,2018-06-23 23:00,0.0
,2018-06-24 00:00,0.0
,2018-06-24 01:00,0.0
,2018-06-24 02:00,0.0
,2018-06-24 03:00,0.0
,2018-06-24 04:00,43.22141774145323
,2018-06-24 05:00,93.67720218819328
,2018-06-24 06:00,123.72766390275379
,2018-06-24 07:00,145.39575342339566
,2018-06-24 08:00,161.433232707602
,2018-06-24 09:00,172.539370347427
,2018-06-24 10:00,179.66283071877834
,2018-06-24 11:00,182.40851995346776
,2018-06-24 12:00,180.38922627427397
,2018-06-24 13:00,173.750998022071
,2018-06-24 14:00,161.97156835833806
,2018-06-24 15:00,146.2971721733801
,2018-06-24 16:00,125.781585537429
,2018-06-24 17:00,98.57562222067692
,2018-06-24 18:00,55.09646260733358
,2018-06-24 19:00,0.0
,2018-06-24 20:00,0.0
,2018-06-24 21:00,0.0
,2018-06-24 22:00,0.0
,2018-06-24 23:00,0.0
,2018-06-25 00:00,0.0
,2018-06-25 01:00,0.0
,2018-06-25 02:00,0.0
,2018-06-25 03:00,0.0
,2018-06-25 04:00,42.88955817988021
,2018-06-25 05:00,93.64213718077568
,2018-06-25 06:00,123.72300837978399
,2018-06-25 07:00,144.4863250499592
,2018-06-25 08:00,160.30057826112022
,2018-06-25 09:00,171.81023200891724
,2018-06-25 10:00,178.8984009617869
,2018-06-25 11:00,181.435378083234
,2018-06-25 12:00,179.53272601238137
,2018-06-25 13:00,172.74481734034072
,2018-06-25 14:00,161.62393015999334
,2018-06-25 15:00,146.17082047813068
,2018-06-25 16:00,125.7879815720316
,2018-06-25 17:00,98.43534006104508
,2018-06-25 18:00,55.18526691788854
,2018-06-25 19:00,0.0
,2018-06-25 20:00,0.0
,2018-06-25 21:00,0.0
,2018-06-25 22:00,0.0
,2018-06-25 23:00,0.0
,2018-06-26 00:00,0.0
,2018-06-26 01:00,0.0
,2018-06-26 02:00,0.0
,2018-06-26 03:00,0.0
,2018-06-26 04:00,42.423551274959166
,2018-06-26 05:00,93.2760034087725
,2018-06-26 06:00,123.404112236419
,2018-06-26 07:00,144.34850302706187
,2018-06-26 08:00,160.15280009224375
,2018-06-26 09:00,171.5109978488296
,2018-06-26 10:00,178.7013931912716
,2018-06-26 11:00,180.739607077175
,2018-06-26 12:00,178.74317795571005
,2018-06-26 13:00,171.9081841818154
,2018-06-26 14:00,160.71859596753401
,2018-06-26 15:00,145.25931306699638
,2018-06-26 16:00,125.00708654810845
,2018-06-26 17:00,97.84627968502905
,2018-06-26 18:00,54.85048892844602
,2018-06-26 19:00,0.0
,2018-06-26 20:00,0.0
,2018-06-26 21:00,0.0
,2018-06-26 22:00,0.0
,2018-06-26 23:00,0.0
,2018-06-27 00:00,0.0
,2018-06-27 01:00,0.0
,2018-06-27 02:00,0.0
,2018-06-27 03:00,0.0
,2018-06-27 04:00,41.79648490573513
,2018-06-27 05:00,92.70207796337631
,2018-06-27 06:00,122.83877035914821
,2018-06-27 07:00,143.77600293650426
,2018-06-27 08:00,159.66866096158682
,2018-06-27 09:00,171.14121488905505
,2018-06-27 10:00,178.170546741204
,2018-06-27 11:00,180.62275045487596
,2018-06-27 12:00,178.73019966273037
,2018-06-27 13:00,171.94879596149758
,2018-06-27 14:00,160.88187764487083
,2018-06-27 15:00,145.3829927229952
,2018-06-27 16:00,125.15647006450351
,2018-06-27 17:00,97.95991392155075
,2018-06-27 18:00,54.901747096780944
,2018-06-27 19:00,0.0
,2018-06-27 20:00,0.0
,2018-06-27 21:00,0.0
,2018-06-27 22:00,0.0
,2018-06-27 23:00,0.0
,2018-06-28 00:00,0.0
,2018-06-28 01:00,0.0
,2018-06-28 02:00,0.0
,2018-06-28 03:00,0.0
,2018-06-28 04:00,41.3697260571423
,2018-06-28 05:00,92.57951189041968
,2018-06-28 06:00,122.87553576967906
,2018-06-28 07:00,143.97526284121165
,2018-06-28 08:00,159.95194962682177
,2018-06-28 09:00,171.44200938702923
,2018-06-28 10:00,178.41221592477243
,2018-06-28 11:00,180.90005025100152
,2018-06-28 12:00,179.0281772851137
,2018-06-28 13:00,172.3499068532805
,2018-06-28 14:00,161.2581651254954
,2018-06-28 15:00,145.76714617447405
,2018-06-28 16:00,125.83718821457914
,2018-06-28 17:00,98.83890937863245
,2018-06-28 18:00,55.21595169736228
,2018-06-28 19:00,0.0
,2018-06-28 20:00,0.0
,2018-06-28 21:00,0.0
,2018-06-28 22:00,0.0
,2018-06-28 23:00,0.0
,2018-06-29 00:00,0.0
,2018-06-29 01:00,0.0
,2018-06-29 02:00,0.0
,2018-06-29 03:00,0.0
,2018-06-29 04:00,40.825100822068485
,2018-06-29 05:00,92.3124092481269
,2018-06-29 06:00,122.56941011432184
,2018-06-29 07:00,143.8290937864047
,2018-06-29 08:00,159.7250206710438
,2018-06-29 09:00,171.92414577721655
,2018-06-29 10:00,178.80066248830747
,2018-06-29 11:00,181.3784621331549
,2018-06-29 12:00,178.82415306937858
,2018-06-29 13:00,171.9103664964567
,2018-06-29 14:00,160.85868379209344
,2018-06-29 15:00,145.47697687484197
,2018-06-29 16:00,124.9452138954577
,2018-06-29 17:00,97.69733026589545
,2018-06-29 18:00,54.710105073645856
,2018-06-29 19:00,0.0
,2018-06-29 20:00,0.0
,2018-06-29 21:00,0.0
,2018-06-29 22:00,0.0
,2018-06-29 23:00,0.0
,2018-06-30 00:00,0.0
,2018-06-30 01:00,0.0
,2018-06-30 02:00,0.0
,2018-06-30 03:00,0.0
,2018-06-30 04:00,40.17429828637976
,2018-06-30 05:00,91.8278990886287
,2018-06-30 06:00,122.05423955181857
,2018-06-30 07:00,143.01089248231455
,2018-06-30 08:00,158.91595795408693
,2018-06-30 09:00,170.43733671545417
,2018-06-30 10:00,178.06532417992645
,2018-06-30 11:00,180.5662944388079
,2018-06-30 12:00,178.45710030540567
,2018-06-30 13:00,171.52543161187765
,2018-06-30 14:00,160.3214768574426
,2018-06-30 15:00,144.69628141893793
,2018-06-30 16:00,124.50110881281664
,2018-06-30 17:00,97.06108379937916
,2018-06-30 18:00,54.21436397091347
,2018-06-30 19:00,0.0
,2018-06-30 20:00,0.0
,2018-06-30 21:00,0.0
,2018-06-30 22:00,0.0
,2018-06-30 23:00,0.0
,2018-07-01 00:00,0.0
,2018-07-01 01:00,0.0
,2018-07-01 02:00,0.0
,2018-07-01 03:00,0.0
,2018-07-01 04:00,39.62668601915211
,2018-07-01 05:00,91.63837935350995
,2018-07-01 06:00,121.95077367342815
,2018-07-01 07:00,142.75524151339079
,2018-07-01 08:00,158.77380790344975
,2018-07-01 09:00,170.68860843344936
,2018-07-01 10:00,177.8943997677932
,2018-07-01 11:00,180.46902320377964
,2018-07-01 12:00,178.54535708964326
,2018-07-01 13:00,171.5312658092299
,2018-07-01 14:00,160.28028064395303
,2018-07-01 15:00,144.5734729034323
,2018-07-01 16:00,124.64694872276662
,2018-07-01 17:00,97.16437869880247
,2018-07-01 18:00,54.324147091879304
,2018-07-01 19:00,0.0
,2018-07-01 20:00,0.0
,2018-07-01 21:00,0.0
,2018-07-01 22:00,0.0
,2018-07-01 23:00,0.0

